{
	"credit": "Made with Blockbench",
	"parent": "cube",
	"ambientocclusion": false,
	"textures": {
		"0": "block/smooth_stone",
		"1": "block/quartz_block_side",
		"2": "block/lecturn_center",
		"3": "block/lecturn_rim",
		"particle": "block/smooth_stone"
	},
	"elements": [
		{
			"from": [0, 0, 0],
			"to": [16, 1, 16],
			"faces": {
				"north": {"uv": [0, 0, 16, 1], "texture": "#0"},
				"east": {"uv": [0, 0, 16, 1], "texture": "#0"},
				"south": {"uv": [0, 0, 16, 1], "texture": "#0"},
				"west": {"uv": [0, 0, 16, 1], "texture": "#0"},
				"up": {"uv": [0, 0, 16, 16], "rotation": 180, "texture": "#0"},
				"down": {"uv": [0, 0, 16, 16], "rotation": 180, "texture": "#0"}
			}
		},
		{
			"from": [4, 2, 4],
			"to": [12, 12.5, 12],
			"faces": {
				"north": {"uv": [0, 0, 8, 14], "texture": "#2"},
				"east": {"uv": [0, 0, 8, 14], "texture": "#2"},
				"south": {"uv": [0, 0, 8, 14], "texture": "#2"},
				"west": {"uv": [0, 0, 8, 14], "texture": "#2"},
				"up": {"uv": [0, 0, 8, 8], "rotation": 180, "texture": "#2"},
				"down": {"uv": [0, 0, 8, 8], "rotation": 180, "texture": "#2"}
			}
		},
		{
			"from": [2, 1, 2],
			"to": [14, 2, 14],
			"faces": {
				"north": {"uv": [0, 0, 12, 1], "texture": "#3"},
				"east": {"uv": [0, 0, 12, 1], "texture": "#3"},
				"south": {"uv": [0, 0, 12, 1], "texture": "#3"},
				"west": {"uv": [0, 0, 12, 1], "texture": "#3"},
				"up": {"uv": [0, 0, 12, 12], "rotation": 180, "texture": "#3"},
				"down": {"uv": [0, 0, 12, 12], "rotation": 180, "texture": "#3"}
			}
		},
		{
			"from": [2.08, 13.48, 12.78],
			"to": [14.12, 18.42, 13.07],
			"rotation": {"angle": 0, "axis": "x", "origin": [8.1, 4.5, 6.8]},
			"faces": {
				"north": {"uv": [0, 0, 12, 4.9], "texture": "#1"},
				"east": {"uv": [0, 0, 0.25, 4.9], "texture": "#1"},
				"south": {"uv": [1, 2, 13, 6.9], "texture": "#1"},
				"west": {"uv": [0, 0, 0.25, 4.9], "texture": "#1"},
				"up": {"uv": [0, 0, 12, 0.25], "rotation": 180, "texture": "#1"},
				"down": {"uv": [0, 0, 12, 0.25], "rotation": 180, "texture": "#1"}
			}
		},
		{
			"from": [2.08, 12.48, 0.78],
			"to": [14.12, 13.52, 13.07],
			"rotation": {"angle": 0, "axis": "x", "origin": [8.1, 4.5, 6.8]},
			"faces": {
				"north": {"uv": [0, 0, 12, 1], "texture": "#1"},
				"east": {"uv": [0, 0, 12.25, 1], "texture": "#1"},
				"south": {"uv": [2, 3, 14, 4], "texture": "#1"},
				"west": {"uv": [3, 9, 15.25, 10], "texture": "#1"},
				"up": {"uv": [0, 0, 12, 12.25], "rotation": 180, "texture": "#1"},
				"down": {"uv": [2, 2, 14, 14.25], "rotation": 180, "texture": "#1"}
			}
		},
		{
			"from": [2.1, 13.25, 0.4],
			"to": [14.1, 13.5, 13.4],
			"rotation": {"angle": -22.5, "axis": "x", "origin": [8.1, 14.5, 0.8]},
			"faces": {
				"north": {"uv": [0, 0, 12, 0.25], "texture": "#1"},
				"east": {"uv": [0, 0, 13, 0.25], "texture": "#1"},
				"south": {"uv": [0, 0, 12, 0.25], "texture": "#1"},
				"west": {"uv": [0, 0, 13, 0.25], "texture": "#1"},
				"up": {"uv": [1, 1, 13, 14], "rotation": 180, "texture": "#1"},
				"down": {"uv": [0, 0, 12, 13], "rotation": 180, "texture": "#1"}
			}
		},
		{
			"from": [2.09, 12.29, 11.49],
			"to": [2.11, 12.76, 11.71],
			"rotation": {"angle": -22.5, "axis": "x", "origin": [1.1, 16.5, 7.8]},
			"faces": {
				"north": {"uv": [0, 0, 0, 0.45], "texture": "#1"},
				"east": {"uv": [0, 0, 0.2, 0.45], "texture": "#1"},
				"south": {"uv": [0, 0, 0, 0.45], "texture": "#1"},
				"west": {"uv": [2, 1, 4.2, 2.45], "texture": "#1"},
				"up": {"uv": [0, 0, 0, 0.2], "rotation": 180, "texture": "#1"},
				"down": {"uv": [0, 0, 0, 0.2], "rotation": 180, "texture": "#1"}
			}
		},
		{
			"from": [2.09, 15.49, 0.79],
			"to": [2.11, 16.26, 1.81],
			"rotation": {"angle": -22.5, "axis": "x", "origin": [1.1, 16.5, 7.8]},
			"faces": {
				"north": {"uv": [0, 0, 0, 0.75], "texture": "#1"},
				"east": {"uv": [0, 0, 1, 0.75], "texture": "#1"},
				"south": {"uv": [0, 0, 0, 0.75], "texture": "#1"},
				"west": {"uv": [5, 4, 7, 6.75], "texture": "#1"},
				"up": {"uv": [0, 0, 0, 1], "rotation": 180, "texture": "#1"},
				"down": {"uv": [0, 0, 0, 1], "rotation": 180, "texture": "#1"}
			}
		},
		{
			"from": [2.09, 14.99, 1.79],
			"to": [2.11, 16.26, 2.81],
			"rotation": {"angle": -22.5, "axis": "x", "origin": [1.1, 16.5, 7.8]},
			"faces": {
				"north": {"uv": [0, 0, 0, 1.25], "texture": "#1"},
				"east": {"uv": [0, 0, 1, 1.25], "texture": "#1"},
				"south": {"uv": [0, 0, 0, 1.25], "texture": "#1"},
				"west": {"uv": [3, 3, 5, 5.25], "texture": "#1"},
				"up": {"uv": [0, 0, 0, 1], "rotation": 180, "texture": "#1"},
				"down": {"uv": [0, 0, 0, 1], "rotation": 180, "texture": "#1"}
			}
		},
		{
			"from": [2.09, 14.39, 2.79],
			"to": [2.11, 16.26, 4.81],
			"rotation": {"angle": -22.5, "axis": "x", "origin": [1.1, 16.5, 7.8]},
			"faces": {
				"north": {"uv": [0, 0, 0, 1.85], "texture": "#1"},
				"east": {"uv": [0, 0, 2, 1.85], "texture": "#1"},
				"south": {"uv": [0, 0, 0, 1.85], "texture": "#1"},
				"west": {"uv": [3, 4, 5, 5.85], "texture": "#1"},
				"up": {"uv": [0, 0, 0, 2], "rotation": 180, "texture": "#1"},
				"down": {"uv": [0, 0, 0, 2], "rotation": 180, "texture": "#1"}
			}
		},
		{
			"from": [2.09, 13.59, 4.79],
			"to": [2.11, 16.26, 6.81],
			"rotation": {"angle": -22.5, "axis": "x", "origin": [1.1, 16.5, 7.8]},
			"faces": {
				"north": {"uv": [0, 0, 0, 2.65], "texture": "#1"},
				"east": {"uv": [0, 0, 2, 2.65], "texture": "#1"},
				"south": {"uv": [0, 0, 0, 2.65], "texture": "#1"},
				"west": {"uv": [4, 3, 6, 5.65], "texture": "#1"},
				"up": {"uv": [0, 0, 0, 2], "rotation": 180, "texture": "#1"},
				"down": {"uv": [0, 0, 0, 2], "rotation": 180, "texture": "#1"}
			}
		},
		{
			"from": [2.09, 12.79, 6.79],
			"to": [2.11, 16.26, 8.81],
			"rotation": {"angle": -22.5, "axis": "x", "origin": [1.1, 16.5, 7.8]},
			"faces": {
				"north": {"uv": [0, 0, 0, 3.45], "texture": "#1"},
				"east": {"uv": [0, 0, 2, 3.45], "texture": "#1"},
				"south": {"uv": [0, 0, 0, 3.45], "texture": "#1"},
				"west": {"uv": [3, 4, 5, 7.45], "texture": "#1"},
				"up": {"uv": [0, 0, 0, 2], "rotation": 180, "texture": "#1"},
				"down": {"uv": [0, 0, 0, 2], "rotation": 180, "texture": "#1"}
			}
		},
		{
			"from": [2.09, 11.79, 8.79],
			"to": [2.11, 16.26, 10.81],
			"rotation": {"angle": -22.5, "axis": "x", "origin": [1.1, 16.5, 7.8]},
			"faces": {
				"north": {"uv": [0, 0, 0, 4.45], "texture": "#1"},
				"east": {"uv": [0, 0, 2, 4.45], "texture": "#1"},
				"south": {"uv": [0, 0, 0, 4.45], "texture": "#1"},
				"west": {"uv": [3, 2, 5, 6.45], "texture": "#1"},
				"up": {"uv": [0, 0, 0, 2], "rotation": 180, "texture": "#1"},
				"down": {"uv": [0, 0, 0, 2], "rotation": 180, "texture": "#1"}
			}
		},
		{
			"from": [2.09, 11.69, 10.79],
			"to": [2.11, 16.26, 11.51],
			"rotation": {"angle": -22.5, "axis": "x", "origin": [1.1, 16.5, 7.8]},
			"faces": {
				"north": {"uv": [0, 0, 0, 4.55], "texture": "#1"},
				"east": {"uv": [0, 0, 0.7, 4.55], "texture": "#1"},
				"south": {"uv": [0, 0, 0, 4.55], "texture": "#1"},
				"west": {"uv": [1, 1, 2.7, 5.55], "texture": "#1"},
				"up": {"uv": [0, 0, 0, 0.7], "rotation": 180, "texture": "#1"},
				"down": {"uv": [0, 0, 0, 0.7], "rotation": 180, "texture": "#1"}
			}
		},
		{
			"from": [2.09, 15.89, 11.49],
			"to": [2.11, 16.26, 13.11],
			"rotation": {"angle": -22.5, "axis": "x", "origin": [1.1, 16.5, 7.8]},
			"faces": {
				"north": {"uv": [0, 0, 0, 0.35], "texture": "#1"},
				"east": {"uv": [0, 0, 1.6, 0.35], "texture": "#1"},
				"south": {"uv": [0, 0, 0, 0.35], "texture": "#1"},
				"west": {"uv": [3, 2, 6.6, 3.35], "texture": "#1"},
				"up": {"uv": [0, 0, 0, 1.6], "rotation": 180, "texture": "#1"},
				"down": {"uv": [0, 0, 0, 1.6], "rotation": 180, "texture": "#1"}
			}
		},
		{
			"from": [2.09, 15.49, 11.49],
			"to": [2.11, 15.96, 13.01],
			"rotation": {"angle": -22.5, "axis": "x", "origin": [1.1, 16.5, 7.8]},
			"faces": {
				"north": {"uv": [0, 0, 0, 0.45], "texture": "#1"},
				"east": {"uv": [0, 0, 1.5, 0.45], "texture": "#1"},
				"south": {"uv": [0, 0, 0, 0.45], "texture": "#1"},
				"west": {"uv": [4, 2, 8.5, 4.45], "texture": "#1"},
				"up": {"uv": [0, 0, 0, 1.5], "rotation": 180, "texture": "#1"},
				"down": {"uv": [0, 0, 0, 1.5], "rotation": 180, "texture": "#1"}
			}
		},
		{
			"from": [2.099, 15.199, 11.499],
			"to": [2.101, 15.551, 12.901],
			"rotation": {"angle": -22.5, "axis": "x", "origin": [1.1, 16.5, 7.8]},
			"faces": {
				"north": {"uv": [0, 0, 0, 0.35], "texture": "#1"},
				"east": {"uv": [0, 0, 1.4, 0.35], "texture": "#1"},
				"south": {"uv": [0, 0, 0, 0.35], "texture": "#1"},
				"west": {"uv": [2, 2, 5.4, 4.35], "texture": "#1"},
				"up": {"uv": [0, 0, 0, 1.4], "rotation": 180, "texture": "#1"},
				"down": {"uv": [0, 0, 0, 1.4], "rotation": 180, "texture": "#1"}
			}
		},
		{
			"from": [2.09, 14.69, 11.49],
			"to": [2.11, 15.26, 12.71],
			"rotation": {"angle": -22.5, "axis": "x", "origin": [1.1, 16.5, 7.8]},
			"faces": {
				"north": {"uv": [0, 0, 0, 0.45], "texture": "#1"},
				"east": {"uv": [0, 0, 1.2, 0.45], "texture": "#1"},
				"south": {"uv": [0, 0, 0, 0.45], "texture": "#1"},
				"west": {"uv": [2, 1, 3.2, 2.45], "texture": "#1"},
				"up": {"uv": [0, 0, 0, 1.2], "rotation": 180, "texture": "#1"},
				"down": {"uv": [0, 0, 0, 1.2], "rotation": 180, "texture": "#1"}
			}
		},
		{
			"from": [2.09, 14.29, 11.49],
			"to": [2.11, 14.76, 12.51],
			"rotation": {"angle": -22.5, "axis": "x", "origin": [1.1, 16.5, 7.8]},
			"faces": {
				"north": {"uv": [0, 0, 0, 0.45], "texture": "#1"},
				"east": {"uv": [0, 0, 1, 0.45], "texture": "#1"},
				"south": {"uv": [0, 0, 0, 0.45], "texture": "#1"},
				"west": {"uv": [4, 4, 5, 5.45], "texture": "#1"},
				"up": {"uv": [0, 0, 0, 1], "rotation": 180, "texture": "#1"},
				"down": {"uv": [0, 0, 0, 1], "rotation": 180, "texture": "#1"}
			}
		},
		{
			"from": [2.09, 13.89, 11.49],
			"to": [2.11, 14.36, 12.31],
			"rotation": {"angle": -22.5, "axis": "x", "origin": [1.1, 16.5, 7.8]},
			"faces": {
				"north": {"uv": [0, 0, 0, 0.45], "texture": "#1"},
				"east": {"uv": [0, 0, 0.8, 0.45], "texture": "#1"},
				"south": {"uv": [0, 0, 0, 0.45], "texture": "#1"},
				"west": {"uv": [2, 1, 3.8, 2.45], "texture": "#1"},
				"up": {"uv": [0, 0, 0, 0.8], "rotation": 180, "texture": "#1"},
				"down": {"uv": [0, 0, 0, 0.8], "rotation": 180, "texture": "#1"}
			}
		},
		{
			"from": [2.09, 13.49, 11.49],
			"to": [2.11, 13.96, 12.21],
			"rotation": {"angle": -22.5, "axis": "x", "origin": [1.1, 16.5, 7.8]},
			"faces": {
				"north": {"uv": [0, 0, 0, 0.45], "texture": "#1"},
				"east": {"uv": [0, 0, 0.7, 0.45], "texture": "#1"},
				"south": {"uv": [0, 0, 0, 0.45], "texture": "#1"},
				"west": {"uv": [1, 1, 2.7, 2.45], "texture": "#1"},
				"up": {"uv": [0, 0, 0, 0.7], "rotation": 180, "texture": "#1"},
				"down": {"uv": [0, 0, 0, 0.7], "rotation": 180, "texture": "#1"}
			}
		},
		{
			"from": [2.09, 13.09, 11.49],
			"to": [2.11, 13.56, 12.01],
			"rotation": {"angle": -22.5, "axis": "x", "origin": [1.1, 16.5, 7.8]},
			"faces": {
				"north": {"uv": [0, 0, 0, 0.45], "texture": "#1"},
				"east": {"uv": [0, 0, 0.5, 0.45], "texture": "#1"},
				"south": {"uv": [0, 0, 0, 0.45], "texture": "#1"},
				"west": {"uv": [3, 1, 4, 2.45], "texture": "#1"},
				"up": {"uv": [0, 0, 0, 0.5], "rotation": 180, "texture": "#1"},
				"down": {"uv": [0, 0, 0, 0.5], "rotation": 180, "texture": "#1"}
			}
		},
		{
			"from": [2.09, 12.69, 11.49],
			"to": [2.11, 13.16, 11.81],
			"rotation": {"angle": -22.5, "axis": "x", "origin": [1.1, 16.5, 7.8]},
			"faces": {
				"north": {"uv": [0, 0, 0, 0.45], "texture": "#1"},
				"east": {"uv": [0, 0, 0.3, 0.45], "texture": "#1"},
				"south": {"uv": [0, 0, 0, 0.45], "texture": "#1"},
				"west": {"uv": [2, 1, 3.3, 2.45], "texture": "#1"},
				"up": {"uv": [0, 0, 0, 0.3], "rotation": 180, "texture": "#1"},
				"down": {"uv": [0, 0, 0, 0.3], "rotation": 180, "texture": "#1"}
			}
		},
		{
			"from": [14.09, 12.29, 11.49],
			"to": [14.11, 12.76, 11.71],
			"rotation": {"angle": -22.5, "axis": "x", "origin": [1.1, 16.5, 7.8]},
			"faces": {
				"north": {"uv": [0, 0, 0, 0.45], "texture": "#1"},
				"east": {"uv": [0, 0, 0.2, 0.45], "texture": "#1"},
				"south": {"uv": [0, 0, 0, 0.45], "texture": "#1"},
				"west": {"uv": [0, 0, 0.2, 0.45], "texture": "#1"},
				"up": {"uv": [0, 0, 0, 0.2], "rotation": 180, "texture": "#1"},
				"down": {"uv": [0, 0, 0, 0.2], "rotation": 180, "texture": "#1"}
			}
		},
		{
			"from": [14.09, 15.49, 0.79],
			"to": [14.11, 16.26, 1.81],
			"rotation": {"angle": -22.5, "axis": "x", "origin": [1.1, 16.5, 7.8]},
			"faces": {
				"north": {"uv": [0, 0, 0, 0.75], "texture": "#1"},
				"east": {"uv": [3, 3, 5, 5.75], "texture": "#1"},
				"south": {"uv": [0, 0, 0, 0.75], "texture": "#1"},
				"west": {"uv": [0, 0, 1, 0.75], "texture": "#1"},
				"up": {"uv": [0, 0, 0, 1], "rotation": 180, "texture": "#1"},
				"down": {"uv": [0, 0, 0, 1], "rotation": 180, "texture": "#1"}
			}
		},
		{
			"from": [14.09, 14.99, 1.79],
			"to": [14.11, 16.26, 2.81],
			"rotation": {"angle": -22.5, "axis": "x", "origin": [1.1, 16.5, 7.8]},
			"faces": {
				"north": {"uv": [0, 0, 0, 1.25], "texture": "#1"},
				"east": {"uv": [2, 2, 5, 5.25], "texture": "#1"},
				"south": {"uv": [0, 0, 0, 1.25], "texture": "#1"},
				"west": {"uv": [0, 0, 1, 1.25], "texture": "#1"},
				"up": {"uv": [0, 0, 0, 1], "rotation": 180, "texture": "#1"},
				"down": {"uv": [0, 0, 0, 1], "rotation": 180, "texture": "#1"}
			}
		},
		{
			"from": [14.09, 14.39, 2.79],
			"to": [14.11, 16.26, 4.81],
			"rotation": {"angle": -22.5, "axis": "x", "origin": [1.1, 16.5, 7.8]},
			"faces": {
				"north": {"uv": [0, 0, 0, 1.85], "texture": "#1"},
				"east": {"uv": [2, 1, 4, 2.85], "texture": "#1"},
				"south": {"uv": [0, 0, 0, 1.85], "texture": "#1"},
				"west": {"uv": [0, 0, 2, 1.85], "texture": "#1"},
				"up": {"uv": [0, 0, 0, 2], "rotation": 180, "texture": "#1"},
				"down": {"uv": [0, 0, 0, 2], "rotation": 180, "texture": "#1"}
			}
		},
		{
			"from": [14.09, 13.59, 4.79],
			"to": [14.11, 16.26, 6.81],
			"rotation": {"angle": -22.5, "axis": "x", "origin": [1.1, 16.5, 7.8]},
			"faces": {
				"north": {"uv": [0, 0, 0, 2.65], "texture": "#1"},
				"east": {"uv": [2, 3, 4, 5.65], "texture": "#1"},
				"south": {"uv": [0, 0, 0, 2.65], "texture": "#1"},
				"west": {"uv": [0, 0, 2, 2.65], "texture": "#1"},
				"up": {"uv": [0, 0, 0, 2], "rotation": 180, "texture": "#1"},
				"down": {"uv": [0, 0, 0, 2], "rotation": 180, "texture": "#1"}
			}
		},
		{
			"from": [14.09, 12.79, 6.79],
			"to": [14.11, 16.26, 8.81],
			"rotation": {"angle": -22.5, "axis": "x", "origin": [1.1, 16.5, 7.8]},
			"faces": {
				"north": {"uv": [0, 0, 0, 3.45], "texture": "#1"},
				"east": {"uv": [2, 1, 4, 4.45], "texture": "#1"},
				"south": {"uv": [0, 0, 0, 3.45], "texture": "#1"},
				"west": {"uv": [0, 0, 2, 3.45], "texture": "#1"},
				"up": {"uv": [0, 0, 0, 2], "rotation": 180, "texture": "#1"},
				"down": {"uv": [0, 0, 0, 2], "rotation": 180, "texture": "#1"}
			}
		},
		{
			"from": [14.09, 11.79, 8.79],
			"to": [14.11, 16.26, 10.81],
			"rotation": {"angle": -22.5, "axis": "x", "origin": [1.1, 16.5, 7.8]},
			"faces": {
				"north": {"uv": [0, 0, 0, 4.45], "texture": "#1"},
				"east": {"uv": [3, 3, 5, 7.45], "texture": "#1"},
				"south": {"uv": [0, 0, 0, 4.45], "texture": "#1"},
				"west": {"uv": [0, 0, 2, 4.45], "texture": "#1"},
				"up": {"uv": [0, 0, 0, 2], "rotation": 180, "texture": "#1"},
				"down": {"uv": [0, 0, 0, 2], "rotation": 180, "texture": "#1"}
			}
		},
		{
			"from": [14.09, 11.69, 10.79],
			"to": [14.11, 16.26, 11.51],
			"rotation": {"angle": -22.5, "axis": "x", "origin": [1.1, 16.5, 7.8]},
			"faces": {
				"north": {"uv": [0, 0, 0, 4.55], "texture": "#1"},
				"east": {"uv": [3, 3, 3.7, 7.55], "texture": "#1"},
				"south": {"uv": [0, 0, 0, 4.55], "texture": "#1"},
				"west": {"uv": [0, 0, 0.7, 4.55], "texture": "#1"},
				"up": {"uv": [0, 0, 0, 0.7], "rotation": 180, "texture": "#1"},
				"down": {"uv": [0, 0, 0, 0.7], "rotation": 180, "texture": "#1"}
			}
		},
		{
			"from": [14.09, 15.89, 11.49],
			"to": [14.11, 16.26, 13.11],
			"rotation": {"angle": -22.5, "axis": "x", "origin": [1.1, 16.5, 7.8]},
			"faces": {
				"north": {"uv": [0, 0, 0, 0.35], "texture": "#1"},
				"east": {"uv": [1, 2, 3.6, 3.35], "texture": "#1"},
				"south": {"uv": [0, 0, 0, 0.35], "texture": "#1"},
				"west": {"uv": [0, 0, 1.6, 0.35], "texture": "#1"},
				"up": {"uv": [0, 0, 0, 1.6], "rotation": 180, "texture": "#1"},
				"down": {"uv": [0, 0, 0, 1.6], "rotation": 180, "texture": "#1"}
			}
		},
		{
			"from": [14.09, 15.49, 11.49],
			"to": [14.11, 15.96, 13.01],
			"rotation": {"angle": -22.5, "axis": "x", "origin": [1.1, 16.5, 7.8]},
			"faces": {
				"north": {"uv": [0, 0, 0, 0.45], "texture": "#1"},
				"east": {"uv": [2, 1, 3.5, 2.45], "texture": "#1"},
				"south": {"uv": [0, 0, 0, 0.45], "texture": "#1"},
				"west": {"uv": [0, 0, 1.5, 0.45], "texture": "#1"},
				"up": {"uv": [0, 0, 0, 1.5], "rotation": 180, "texture": "#1"},
				"down": {"uv": [0, 0, 0, 1.5], "rotation": 180, "texture": "#1"}
			}
		},
		{
			"from": [14.09, 15.09, 11.49],
			"to": [14.11, 15.56, 12.91],
			"rotation": {"angle": -22.5, "axis": "x", "origin": [1.1, 16.5, 7.8]},
			"faces": {
				"north": {"uv": [0, 0, 0, 0.45], "texture": "#1"},
				"east": {"uv": [1, 1, 3.4, 2.45], "texture": "#1"},
				"south": {"uv": [0, 0, 0, 0.45], "texture": "#1"},
				"west": {"uv": [0, 0, 1.4, 0.45], "texture": "#1"},
				"up": {"uv": [0, 0, 0, 1.4], "rotation": 180, "texture": "#1"},
				"down": {"uv": [0, 0, 0, 1.4], "rotation": 180, "texture": "#1"}
			}
		},
		{
			"from": [14.09, 14.69, 11.49],
			"to": [14.11, 15.16, 12.71],
			"rotation": {"angle": -22.5, "axis": "x", "origin": [1.1, 16.5, 7.8]},
			"faces": {
				"north": {"uv": [0, 0, 0, 0.45], "texture": "#1"},
				"east": {"uv": [1, 1, 2.2, 2.45], "texture": "#1"},
				"south": {"uv": [0, 0, 0, 0.45], "texture": "#1"},
				"west": {"uv": [0, 0, 1.2, 0.45], "texture": "#1"},
				"up": {"uv": [0, 0, 0, 1.2], "rotation": 180, "texture": "#1"},
				"down": {"uv": [0, 0, 0, 1.2], "rotation": 180, "texture": "#1"}
			}
		},
		{
			"from": [14.09, 14.29, 11.49],
			"to": [14.11, 14.76, 12.51],
			"rotation": {"angle": -22.5, "axis": "x", "origin": [1.1, 16.5, 7.8]},
			"faces": {
				"north": {"uv": [0, 0, 0, 0.45], "texture": "#1"},
				"east": {"uv": [1, 1, 3, 2.45], "texture": "#1"},
				"south": {"uv": [0, 0, 0, 0.45], "texture": "#1"},
				"west": {"uv": [0, 0, 1, 0.45], "texture": "#1"},
				"up": {"uv": [0, 0, 0, 1], "rotation": 180, "texture": "#1"},
				"down": {"uv": [0, 0, 0, 1], "rotation": 180, "texture": "#1"}
			}
		},
		{
			"from": [14.09, 13.89, 11.49],
			"to": [14.11, 14.36, 12.31],
			"rotation": {"angle": -22.5, "axis": "x", "origin": [1.1, 16.5, 7.8]},
			"faces": {
				"north": {"uv": [0, 0, 0, 0.45], "texture": "#1"},
				"east": {"uv": [4, 3, 6.8, 5.45], "texture": "#1"},
				"south": {"uv": [0, 0, 0, 0.45], "texture": "#1"},
				"west": {"uv": [0, 0, 0.8, 0.45], "texture": "#1"},
				"up": {"uv": [0, 0, 0, 0.8], "rotation": 180, "texture": "#1"},
				"down": {"uv": [0, 0, 0, 0.8], "rotation": 180, "texture": "#1"}
			}
		},
		{
			"from": [14.09, 13.49, 11.49],
			"to": [14.11, 13.96, 12.21],
			"rotation": {"angle": -22.5, "axis": "x", "origin": [1.1, 16.5, 7.8]},
			"faces": {
				"north": {"uv": [0, 0, 0, 0.45], "texture": "#1"},
				"east": {"uv": [3, 3, 6, 5.45], "texture": "#1"},
				"south": {"uv": [0, 0, 0, 0.45], "texture": "#1"},
				"west": {"uv": [0, 0, 0.7, 0.45], "texture": "#1"},
				"up": {"uv": [0, 0, 0, 0.7], "rotation": 180, "texture": "#1"},
				"down": {"uv": [0, 0, 0, 0.7], "rotation": 180, "texture": "#1"}
			}
		},
		{
			"from": [14.09, 13.09, 11.49],
			"to": [14.11, 13.56, 12.01],
			"rotation": {"angle": -22.5, "axis": "x", "origin": [1.1, 16.5, 7.8]},
			"faces": {
				"north": {"uv": [0, 0, 0, 0.45], "texture": "#1"},
				"east": {"uv": [0, 0, 0.5, 0.45], "texture": "#1"},
				"south": {"uv": [0, 0, 0, 0.45], "texture": "#1"},
				"west": {"uv": [0, 0, 0.5, 0.45], "texture": "#1"},
				"up": {"uv": [0, 0, 0, 0.5], "rotation": 180, "texture": "#1"},
				"down": {"uv": [0, 0, 0, 0.5], "rotation": 180, "texture": "#1"}
			}
		},
		{
			"from": [14.09, 12.69, 11.49],
			"to": [14.11, 13.16, 11.81],
			"rotation": {"angle": -22.5, "axis": "x", "origin": [1.1, 16.5, 7.8]},
			"faces": {
				"north": {"uv": [0, 0, 0, 0.45], "texture": "#1"},
				"east": {"uv": [0, 0, 0.3, 0.45], "texture": "#1"},
				"south": {"uv": [0, 0, 0, 0.45], "texture": "#1"},
				"west": {"uv": [0, 0, 0.3, 0.45], "texture": "#1"},
				"up": {"uv": [0, 0, 0, 0.3], "rotation": 180, "texture": "#1"},
				"down": {"uv": [0, 0, 0, 0.3], "rotation": 180, "texture": "#1"}
			}
		}
	],
	"groups": [
		{
			"name": "group",
			"origin": [8, 8, 8],
			"children": [
				{
					"name": "group",
					"origin": [8, 8, 8],
					"children": [0, 1, 2]
				},
				{
					"name": "group",
					"origin": [8, 18, 14],
					"children": [3, 4, 5,
						{
							"name": "group",
							"origin": [15, 20, 7],
							"children": [6, 7, 8, 9, 10, 11, 12, 13, 14, 15, 16, 17, 18, 19, 20, 21, 22]
						},
						{
							"name": "group",
							"origin": [15, 20, 7],
							"children": [23, 24, 25, 26, 27, 28, 29, 30, 31, 32, 33, 34, 35, 36, 37, 38, 39]
						}
					]
				}
			]
		}
	]
}